keyword,title,url,bullet_1,bullet_2,bullet_3,bullet_4,bullet_5,description
pillendose mit tablettenteiler 4 fächer feuchtigkeitsdicht mini,"First Aid Only Tablettenbox 7 Tage | Medikamentenbox mit je 4 Fächern für Morgens, Mittags, Abends, Nachts | Kompakte Pillendose für unterwegs mit Tablettenteiler und Mörser | P-10000",https://www.amazon.de/dp/B01MYZN0EK,Praktische 7-Tage-Tablettenbox mit Tablettenteiler und Tablettenmörser.,Kompakte und übersichtliche Lösung zur Aufbewahrung von Medikamenten.,Transparenter Deckel ermöglicht einen guten Überblick über die Medikation.,7 nummerierte Kassetten mit je 4 bedruckten Fächern für verschiedene Tageszeiten.,Stecksystem ermöglicht einfache Entnahme einzelner Kassetten für unterwegs.,"Praktische 7-Tage-Tablettenbox - Tablettendosierer mit 7 Kassetten mit je 4 bedruckten Fächern inkl. Tablettenteiler und Tablettenmörser. Unsere Tablettenbox für 7 Tage mit Tablettenteiler und Tablettenmörser bietet eine kompakte und übersichtliche Lösung für die Aufbewahrung und Einnahme Ihrer Medikamente. Mit dieser praktischen Pillendose haben Sie Ihre Medikamente, den Tablettenzerteiler und den Tablettenmörser immer griffbereit. Der Dosierer besteht aus einer runden Dose mit einem transparenten Deckel, der Ihnen einen guten Überblick über Ihre Medikation ermöglicht. Sie erhalten 7 nummerierte Kassetten, eine für jeden Wochentag, mit jeweils 4 großen bedruckten Fächern für die Tageszeiten morgens, mittags, abends und nachts. So behalten Sie immer den Überblick über Ihre Tagesdosen. Die einzelnen Kassetten lassen sich durch ein Stecksystem ganz einfach herausnehmen - ideal für unterwegs. Sie müssen nicht den ganzen Dosierer mitnehmen, sondern nur die Kassetten, die Sie benötigen. Unser 7-Tage-Tablettendosierer enthält außerdem einen praktischen Tablettenteiler. Damit können Sie Ihre Tabletten ganz einfach halbieren. Außerdem hat der Dosierer einen integrierten Tablettenmörser. Mit diesem Mörser können Sie Ihre Tabletten zu Pulver zermahlen, was besonders Menschen mit Schluckbeschwerden die Einnahme erleichtert. Mit einem Durchmesser von 10 cm und einer Höhe von 9,8 cm ist der Dosierer handlich und leicht. Er besteht aus widerstandsfähigem Kunststoff in den Farben blau, weiß und transparent. Wenn Sie eine zuverlässige und praktische Lösung für die Aufbewahrung und Einnahme Ihrer Medikamente suchen, ist unser 7 Tage Medikamentenbox mit Tablettenteiler und Tablettenmörser die ideale Wahl. Laden Sie Pillen in die 7 nummerierten Kassetten entsprechend der Zeit, zu der sie eingenommen werden sollen (morgens, mittags, abends, nachts). Nutzen Sie das Stecksystem, um einzelne Kassetten unterwegs zu entnehmen."
pillendose mit tablettenteiler 4 fächer feuchtigkeitsdicht mini,"Täglicher Pillen Organizer mit 4 Fächern, Tragbares Reise Pillenetui, Mini Pillenbehälter für die Handtasche, Kompakter Reise Medizin Organizer für Vitamine, Nahrungsergänzungsmittel(Schwarz)",https://www.amazon.de/dp/B0CWSCNHLL,"【Tragbarer Medikamenten-Organizer】: Kompaktes Design mit schlichtem Aussehen, leicht und elegant. Unser Mini-Pillenbehälter lässt sich problemlos in Ihre Tasche, Handtasche oder Ihren Koffer stecken, sodass Sie ihn überall hin mitnehmen können. Größe der Pillendose: 8 x 8 x 2,4 cm/3,15 x 3,15 x 0,95 Zoll, sie kann 11 Kapseln oder 12 normale Tabletten aufnehmen.","【Hochwertiges Material】: Der Pillenbehälter für die Handtasche besteht aus hochwertigem ABS-Material, riecht nicht nach Chemikalien, ist langlebig, sturzsicher, wasserdicht und bricht nicht leicht. Er kann lange verwendet werden. Das Reise-Pillenetui verfügt über einen verdickten Silikonring, der nicht nur für einen dichten Verschluss sorgt, sondern Ihre Pillen auch länger trocken hält.","【Design mit 4 Fächern】: Unser täglicher Pillen-Organizer verfügt über 4 unabhängige Fächer, die das Vermischen von Medikamenten verhindern und die Medikamente, die Sie für den Tag benötigen, an einem Ort aufbewahren können. Durch die getrennte Lagerung kann der Geruch von Medikamenten vermieden werden. Es lässt sich leicht abnehmen, sodass Sie Ihre Medikamente nachfüllen und Ihre kleine Pillendose reinigen können.","【Mehrzweck】: Lichtdichtes Design, das die medizinischen Eigenschaften wirksam bewahren kann. Tragbare Pillendosen können nicht nur zur Aufbewahrung von Medikamenten, Vitaminen und Fischölpillen verwendet werden, sie können auch Knöpfe, Schmuck, Ohrstöpsel und andere Schmuckstücke aufnehmen. Unsere Mini-Tabletten-Tabletten-Organizer helfen Ihnen, Ihre wöchentlichen Dosen einfach zu planen und zu verteilen.","【Einfach zu bedienen】: Der Reise-Pillen-Organizer verfügt über ein verstärktes Schlossdesign, das ein einfaches Öffnen und Schließen ermöglicht, so dass Sie schnell die Medikamente erhalten, die Sie benötigen, und mehr Zeit sparen. Die Trennwand ist herausnehmbar und kann zur Aufbewahrung diverser Kleinigkeiten einfach herausgenommen werden. Perfekte Wahl für die Aufbewahrung von Medikamenten, geeignet für Büro, Studium, Reisen und Zuhause.",Produktinformation
pillendose mit tablettenteiler 4 fächer feuchtigkeitsdicht mini,"Täglicher Pillen Organizer mit 4 Fächern, Tragbares Reise Pillenetui, Mini Pillenbehälter für die Handtasche, Kompakter Reise Medizin Organizer für Vitamine, Nahrungsergänzungsmittel (Lila)",https://www.amazon.de/dp/B0CWSCXRQZ,"【Tragbarer Medikamenten-Organizer】: Kompaktes Design mit schlichtem Aussehen, leicht und elegant. Unser Mini-Pillenbehälter lässt sich problemlos in Ihre Tasche, Handtasche oder Ihren Koffer stecken, sodass Sie ihn überall hin mitnehmen können. Größe der Pillendose: 8 x 8 x 2,4 cm/3,15 x 3,15 x 0,95 Zoll, sie kann 11 Kapseln oder 12 normale Tabletten aufnehmen.","【Hochwertiges Material】: Der Pillenbehälter für die Handtasche besteht aus hochwertigem ABS-Material, riecht nicht nach Chemikalien, ist langlebig, sturzsicher, wasserdicht und bricht nicht leicht. Er kann lange verwendet werden. Das Reise-Pillenetui verfügt über einen verdickten Silikonring, der nicht nur für einen dichten Verschluss sorgt, sondern Ihre Pillen auch länger trocken hält.","【Design mit 4 Fächern】: Unser täglicher Pillen-Organizer verfügt über 4 unabhängige Fächer, die das Vermischen von Medikamenten verhindern und die Medikamente, die Sie für den Tag benötigen, an einem Ort aufbewahren können. Durch die getrennte Lagerung kann der Geruch von Medikamenten vermieden werden. Es lässt sich leicht abnehmen, sodass Sie Ihre Medikamente nachfüllen und Ihre kleine Pillendose reinigen können.","【Mehrzweck】: Lichtdichtes Design, das die medizinischen Eigenschaften wirksam bewahren kann. Tragbare Pillendosen können nicht nur zur Aufbewahrung von Medikamenten, Vitaminen und Fischölpillen verwendet werden, sie können auch Knöpfe, Schmuck, Ohrstöpsel und andere Schmuckstücke aufnehmen. Unsere Mini-Tabletten-Tabletten-Organizer helfen Ihnen, Ihre wöchentlichen Dosen einfach zu planen und zu verteilen.","【Einfach zu bedienen】: Der Reise-Pillen-Organizer verfügt über ein verstärktes Schlossdesign, das ein einfaches Öffnen und Schließen ermöglicht, so dass Sie schnell die Medikamente erhalten, die Sie benötigen, und mehr Zeit sparen. Die Trennwand ist herausnehmbar und kann zur Aufbewahrung diverser Kleinigkeiten einfach herausgenommen werden. Perfekte Wahl für die Aufbewahrung von Medikamenten, geeignet für Büro, Studium, Reisen und Zuhause.",Produktinformation
pillendose mit tablettenteiler 4 fächer feuchtigkeitsdicht mini,"varivendo Tablettenbox Pillendose 4 Fächer – kompakte Medikamentenbox für 1 Tag, morgens mittags abends nachts, sicherer Klickverschluss",https://www.amazon.de/dp/B079K9K7FT,"Mehr Überblick: Die Tablettenbox mit 4 Fächern sortiert morgens mittags abends nachts. Als Pillendose und Tablettendose planst du sicher und siehst Dosen klar getrennt, zuhause wie unterwegs.","Sichere Einnahme: Der Klickverschluss hält jede Portion fest. Die Medikamentenbox und Pillenbox schützt Arznei vor Herausfallen, vermeidet Verwechslungen und dient als zuverlässiger Tabletten Organizer.","Kompakt mobil: Die leichte Tabletten box passt in Handtasche oder Reisetasche. Als Pill box und Tablettendose für unterwegs ist sie schnell griffbereit und ideal für Therapie, Pflege und Alltag.","Zeit sparen: Einmal füllen, den Tag strukturiert einnehmen. Der Pill Organizer und die Medikamentendose unterstützt Pläne, macht Dosierungen nachvollziehbar und hilft beim Sortieren von Supplement und Medikamenten.","Robust platzsparend: Maße 10,8×4,5×1,7 cm, klare Beschriftung je Fach. Die Tablettenbox klein dient auch als Supplement Box und Tablettenspender mit 4 Fächern für Tag und Nacht, kompakt und langlebig.","Produktinformation Sind Sie es leid, täglich Blisterverpackungen zu durchsuchen oder Tabletten zu verwechseln? Unser Medikamentendispenser mit 4 Fächern (morgens, mittags, abends, nachts) hilft Ihnen dabei, Ihre Medikamente übersichtlich und systematisch zu organisieren. Das bedeutet: kein Vergessen, kein Durcheinander, keine Unsicherheit mehr! Mit einer Größe von nur 10,8 cm x 4,5 cm x 1,7 cm passt diese Tablettenbox problemlos in Ihre Tasche oder Ihren Rucksack. Dank des robusten Schiebedeckels bleiben Ihre Medikamente sicher verstaut und sind immer griffbereit – ideal für Reisen, Arbeit oder den Alltag. Gerade für ältere Menschen oder chronisch Kranke kann eine falsche Medikamenteneinnahme schwerwiegende Folgen haben. Der gut lesbare Aufdruck mit den Einnahmezeiten (morgens, mittags, abends, nachts) sorgt dafür, dass Sie Ihre Tabletten zur richtigen Zeit in der richtigen Dosierung einnehmen. Hergestellt aus robustem ABS-Kunststoff bietet unsere Pillendose eine klare Übersicht durch den transparenten Schiebedeckel. Die vier großzügigen Fächer (je ca. 2,5 cm x 4,0 cm x 1,5 cm) bieten ausreichend Platz für Tabletten, Kapseln oder Nahrungsergänzungsmittel. Durch das vorausgeplante Befüllen der Box behalten Sie Ihre Medikamente im Blick, vermeiden Nachkäufe in letzter Minute und sparen sich den täglichen Aufwand. Unsere Tablettenbox ist in drei stilvollen Farben erhältlich, damit sie perfekt zu Ihrem Stil passt. Jetzt bestellen & endlich stressfrei und sicher Medikamente einnehmen! Im Detail Hochwertig verarbeitet Maße der Box: ca. 10,8 cm x 4,5 cm x 1,7 cm Robuster Schiebedeckel Der transparente und Robuste Schiebedeckel sorgt für klare Übersicht. Der Deckel lässt sich leicht öffnen und schließen. 3 Farben erhältlich Wählen Sie aus drei Farben aus Die tägliche Einnahme von Medikamenten kann eine Herausforderung sein – besonders, wenn verschiedene Tabletten zu unterschiedlichen Zeiten eingenommen werden müssen. Unser Medikamentendispenser hilft Ihnen dabei, Tabletten sicher zu lagern, zu transportieren und stets griffbereit zu haben. Mit 4 getrennten Fächern für morgens, mittags, abends und nachts behalten Sie den Überblick und vermeiden Verwechslungen. Unsere Medikamentendose verfügt über einen praktischen Schiebedeckel, der sich gezielt in zwei Richtungen öffnen lässt: ✔ Nach rechts schieben – öffnet die Fächer für morgens, mittags und abends ✔ Nach links schieben – legt das Fach für die Nacht frei Dank dieser durchdachten Konstruktion bleibt der Deckel immer fest mit der Tablettenbox verbunden und kann nicht verloren gehen. Die Tablettenbox für unterwegs hat eine handliche Größe von 10,8 cm x 4,5 cm x 1,7 cm und passt problemlos in jede Handtasche, Hosentasche oder Aktentasche. Damit eignet sie sich perfekt für den täglichen Gebrauch, sei es zu Hause, bei der Arbeit oder auf Reisen. ✔ Sicher verschließbar – schützt Medikamente vor Feuchtigkeit, Staub und Licht ✔ Stabiler ABS-Kunststoff – robust und langlebig ✔ Transparenter Deckel – sofortige Übersicht über Ihre Tabletten ✔ Drei Farbvarianten – passend zu Ihrem Stil Unsere Pillendose ist nicht nur für Medikamente geeignet – sie kann ebenso zur Aufbewahrung von Vitaminen, Nahrungsergänzungsmitteln, Kapseln oder kleinen Gegenständen verwendet werden. Sie ist eine perfekte Ergänzung für Ihre Hausapotheke, Reiseapotheke oder Notfallapotheke. Ideal für: Medikamentenaufbewahrung für Senioren, Pflegebedürftige und chronisch Kranke Tablettensortierer für Pendler, Reisende und Berufstätige Medikamentenbox für die Tasche, das Büro oder den Urlaub Pillenspender für Nahrungsergänzungsmittel, Vitamine oder homöopathische Präparate ✔ Medikamentenorganizer mit 4 Fächern – perfekt für die tägliche Planung ✔ Reise-Pillendose – ideal für unterwegs ✔ Sichere Tablettenaufbewahrung – zuverlässiger Schutz vor Umwelteinflüssen ✔ Praktische Dosierungshilfe für Medikamente – einfach zu handhaben ✔ Robustes Design aus hochwertigem ABS-Kunststoff Nutzen Sie den Medikamentendosierer, um Tabletten sicher zu lagern, Dosierungsfehler zu vermeiden und jederzeit organisiert zu bleiben. Bestellen Sie Ihre Tablettenbox mit Fächern jetzt und erleben Sie mehr Komfort und Sicherheit bei der täglichen Medikation. Pillendose Lustige Gesichter Lachend hier in blau erhältlich hier in türkis erhältlich hier in rot erhältlich hier in orange erhältlich hier in gelb erhältlich Kaufoptionen Kaufoptionen Kaufoptionen Kaufoptionen Kaufoptionen In den Einkaufswagen Kundenrezensionen 117 78 83 6 — 4 Preis — no data — no data — no data — no data — no data HKD55 17 Mit Tageszeit beschriftet ✓ ✓ ✓ ✓ ✓ no data 4 Fächer no data ✓ ✓ ✓ ✓ no data"
pillendose mit tablettenteiler 4 fächer feuchtigkeitsdicht mini,"Täglicher Pillen Organizer mit 4 Fächern, Tragbares Reise Pillenetui, Mini Pillenbehälter für die Handtasche, Kompakter Reise Medizin Organizer für Vitamine, Nahrungsergänzungsmittel (Blau)",https://www.amazon.de/dp/B0CWSGBNPK,"【Tragbarer Medikamenten-Organizer】: Kompaktes Design mit schlichtem Aussehen, leicht und elegant. Unser Mini-Pillenbehälter lässt sich problemlos in Ihre Tasche, Handtasche oder Ihren Koffer stecken, sodass Sie ihn überall hin mitnehmen können. Größe der Pillendose: 8 x 8 x 2,4 cm/3,15 x 3,15 x 0,95 Zoll, sie kann 11 Kapseln oder 12 normale Tabletten aufnehmen.","【Hochwertiges Material】: Der Pillenbehälter für die Handtasche besteht aus hochwertigem ABS-Material, riecht nicht nach Chemikalien, ist langlebig, sturzsicher, wasserdicht und bricht nicht leicht. Er kann lange verwendet werden. Das Reise-Pillenetui verfügt über einen verdickten Silikonring, der nicht nur für einen dichten Verschluss sorgt, sondern Ihre Pillen auch länger trocken hält.","【Design mit 4 Fächern】: Unser täglicher Pillen-Organizer verfügt über 4 unabhängige Fächer, die das Vermischen von Medikamenten verhindern und die Medikamente, die Sie für den Tag benötigen, an einem Ort aufbewahren können. Durch die getrennte Lagerung kann der Geruch von Medikamenten vermieden werden. Es lässt sich leicht abnehmen, sodass Sie Ihre Medikamente nachfüllen und Ihre kleine Pillendose reinigen können.","【Mehrzweck】: Lichtdichtes Design, das die medizinischen Eigenschaften wirksam bewahren kann. Tragbare Pillendosen können nicht nur zur Aufbewahrung von Medikamenten, Vitaminen und Fischölpillen verwendet werden, sie können auch Knöpfe, Schmuck, Ohrstöpsel und andere Schmuckstücke aufnehmen. Unsere Mini-Tabletten-Tabletten-Organizer helfen Ihnen, Ihre wöchentlichen Dosen einfach zu planen und zu verteilen.","【Einfach zu bedienen】: Der Reise-Pillen-Organizer verfügt über ein verstärktes Schlossdesign, das ein einfaches Öffnen und Schließen ermöglicht, so dass Sie schnell die Medikamente erhalten, die Sie benötigen, und mehr Zeit sparen. Die Trennwand ist herausnehmbar und kann zur Aufbewahrung diverser Kleinigkeiten einfach herausgenommen werden. Perfekte Wahl für die Aufbewahrung von Medikamenten, geeignet für Büro, Studium, Reisen und Zuhause.",Produktinformation
tablettenbox mit tablettenschneider 4 fächer unterwegs,"Tablettenbox, Tablettenbox 7 Tage mit 4 Fächer für Morgens Mittags Abends Nachts, Medikamentendose für unterwegs, Seniorenfreundliche Pillenbox",https://www.amazon.de/dp/B0DRHX4TCK,"SENIORENFREUNDLICH：Dank großer Schrift und unterschiedlichen Farben der Tagesboxen ist es auch für Senioren kinderleicht, den Überblick über die richtigen Tabletten in den Boxen zu behalten. Egal ob morgens, mittags, abends oder nachts immer alles auf einen Blick.","PILLENBOX MIT 4 FACHER FÜR 7 TAGE：Es gibt 7 Pillenboxen mit jeweils 4 Fächern mit Beschriftungen für Morgen, Mittag, Abend und Nacht. Keine Verwirrung mehr bei der Medikamenteneinnahme.","DURCHDACHTE GESTALTUNG：Wenn Sie mit den Fingern seitlich etwas Druck auf die „Pillenbox“ ausüben, rutschen die inneren Pillenboxen ganz leicht nach. Die leichte Pillendose lässt sich einfach Öffnen und Befüllen.",BPA FREIES MATERIAL：Uns ist Qualität und Gesundheit wichtig. Daher legen wir großen Wert auf BPA freies Material. Sicher für die Verwendung von Medikamenten.,"PERFEKT FÜR UNTERWEGES：Ob Zuhause oder Unterwegs. Immer griffbereit alle Tabletten oder Supplements. Der wöchentliche Organizer mit Tagesdosen für Pillen kann überall mit genommen werden. Perfekt für Sport, Reisen, Ausflüge oder im Gym.","VMUTGA Tablettenbox, Tablettenbox 7 Tage mit 4 Fächer für Morgens Mittags Abends Nachts, Medikamentendose für unterwegs, Seniorenfreundliche Pillenbox Laden Sie die Pillen in die entsprechenden Fächer für jeden Tag und jede Zeit ein. Folgen Sie den markierten Fächern für Ihre Medikation."
tablettenbox mit tablettenschneider 4 fächer unterwegs,"4 in 1 – Tablettenbox mit 4 Fächern – Pillendose & Medikamentenbox für einen Tag – leicht zu öffnen & sicher verschlossen – BPA-frei, lebensmittelecht & Medizinprodukt – Made in Germany",https://www.amazon.de/dp/B0FH2G3V7R,"✅ Perfekt organisiert – 1 Tag – 4 Einnahmezeiten: Plane deine Medikamente für morgens, mittags, abends und nachts übersichtlich. Perfekt für Alltag, Reisen und unterwegs – kompakt & praktisch.",🔒 Patentierter Verschluss: Dank der innovativen Klickmechanik bleiben die Fächer sicher verschlossen und lassen sich dennoch mühelos öffnen. Perfekt für Senioren und Menschen mit eingeschränkter Handkraft.,"🌱 BPA-frei & lebensmittelecht: Hergestellt aus geprüften, phthalatfreien Materialien, die sicher für Medikamente sind. Robuster ABS/PC-Kunststoff sorgt für langlebige Qualität ohne schädliche Stoffe.",🇩🇪 Made in Germany: Hochwertige Verarbeitung für eine langlebige Nutzung – Produziert nach DIN ISO 9001 und als Medizinprodukt der Risikoklasse I zertifiziert.,"🤝 Zufriedenheitsversprechen: Deine Zufriedenheit steht an erster Stelle. Falls du nicht überzeugt bist, kannst du das Produkt problemlos zurücksenden. Ohne Risiko ausprobieren!.",Produktinformation
tablettenbox mit tablettenschneider 4 fächer unterwegs,"4 in 1 – Tablettenbox mit 4 Fächern – Pillendose & Medikamentenbox für einen Tag – leicht zu öffnen & sicher verschlossen – BPA-frei, lebensmittelecht & Medizinprodukt – Made in Germany",https://www.amazon.de/dp/B0FH2F881P,"✅ Perfekt organisiert – 1 Tag – 4 Einnahmezeiten: Plane deine Medikamente für morgens, mittags, abends und nachts übersichtlich. Perfekt für Alltag, Reisen und unterwegs – kompakt & praktisch.",🔒 Patentierter Verschluss: Dank der innovativen Klickmechanik bleiben die Fächer sicher verschlossen und lassen sich dennoch mühelos öffnen. Perfekt für Senioren und Menschen mit eingeschränkter Handkraft.,"🌱 BPA-frei & lebensmittelecht: Hergestellt aus geprüften, phthalatfreien Materialien, die sicher für Medikamente sind. Robuster ABS/PC-Kunststoff sorgt für langlebige Qualität ohne schädliche Stoffe.",🇩🇪 Made in Germany: Hochwertige Verarbeitung für eine langlebige Nutzung – Produziert nach DIN ISO 9001 und als Medizinprodukt der Risikoklasse I zertifiziert.,"🤝 Zufriedenheitsversprechen: Deine Zufriedenheit steht an erster Stelle. Falls du nicht überzeugt bist, kannst du das Produkt problemlos zurücksenden. Ohne Risiko ausprobieren!.",Produktinformation
tablettenbox mit tablettenschneider 4 fächer unterwegs,"4 in 1 – Tablettenbox mit 4 Fächern – Pillendose & Medikamentenbox für einen Tag – leicht zu öffnen & sicher verschlossen – BPA-frei, lebensmittelecht & Medizinprodukt – Made in Germany",https://www.amazon.de/dp/B0FH2FNZ6Q,"✅ Perfekt organisiert – 1 Tag – 4 Einnahmezeiten: Plane deine Medikamente für morgens, mittags, abends und nachts übersichtlich. Perfekt für Alltag, Reisen und unterwegs – kompakt & praktisch.",🔒 Patentierter Verschluss: Dank der innovativen Klickmechanik bleiben die Fächer sicher verschlossen und lassen sich dennoch mühelos öffnen. Perfekt für Senioren und Menschen mit eingeschränkter Handkraft.,"🌱 BPA-frei & lebensmittelecht: Hergestellt aus geprüften, phthalatfreien Materialien, die sicher für Medikamente sind. Robuster ABS/PC-Kunststoff sorgt für langlebige Qualität ohne schädliche Stoffe.",🇩🇪 Made in Germany: Hochwertige Verarbeitung für eine langlebige Nutzung – Produziert nach DIN ISO 9001 und als Medizinprodukt der Risikoklasse I zertifiziert.,"🤝 Zufriedenheitsversprechen: Deine Zufriedenheit steht an erster Stelle. Falls du nicht überzeugt bist, kannst du das Produkt problemlos zurücksenden. Ohne Risiko ausprobieren!.",Produktinformation
tablettenbox mit tablettenschneider 4 fächer unterwegs,"FINPAC Tablettenbox 7 Tage 4 Fächer - Pillendose 4 mal am Tag mit Kunstleder Tasche und Namenskarte Medikamentenbox für Pillen Vitamin Fischöl für Morgens Mittags Abends Nachts, Schwarz",https://www.amazon.de/dp/B09B3B5NVS,"Organizer für den täglichen Gebrauch: Das Paket enthält 1 * PU-Leder-Pillenbox-Organizer und 7-Tage-Pillenspender mit 4 unabhängigen Fächern für Morgen, Nachmittag, Abend, Schlafenszeit.","Materialien in Lebensmittelqualität: Wir haben BPA-freie PP-Materialien verwendet, um die Sicherheit und Gesundheit Ihres täglichen Gebrauchs zu gewährleisten. Die aufschiebbare, durchsichtige Abdeckung für den Medikamentenbehälter erleichtert die Identifizierung.","Premium-Ledertasche: Eine Kunstleder-Tragetasche mit abnehmbarem Riemen, um die Pillendosen in Ordnung zu verstauen. Abmessungen: 11,18 x 4,06 x 12,45 cm, passt perfekt in Ihre Geldbörsen, Handtaschen, Umhängetaschen, Rucksäcke usw.","Seniorenfreundliches Design: Es ist einfach, die Deckel abzunehmen, anstatt einen Deckel zu öffnen und versehentlich Ihre Pillen zu verschütten, eine Namenskarte für eine Fundstelle oder einen Notfall ist enthalten, die Einhandbedienung macht es seniorenfreundlich.","Pillen im Wert von 7 Tagen aufbewahren: Sie müssen sich keine Sorgen machen, dass Sie Ihre Medikamente ständig im Auge behalten. Sie können Medikamente und Gesundheitsmanagement einfacher einnehmen.","Produktinformation Tablettenbox 8 Fächer Elektronische Tasche Rollstuhltasche für Armlehne Bibelhülle Mutterpasshülle / Impfpass hülle Journal Supplies Aufbewahrungstasche Kaufoptionen Kaufoptionen In den Einkaufswagen In den Einkaufswagen Kaufoptionen Kaufoptionen Kundenrezensionen 106 35 226 681 — 1 Preis — no data — no data HKD114 15 HKD129 37 — no data — no data Eigenschaften mit tragbarer Tasche Leicht, gut organisiert Langlebig, große Kapazität Tragbar, große Kapazität genug Platz zum Aufbewahren von Mutterpass, Ultraschallbilder, Impfpass, Versichertenkarte Portable, Large capacity, mit 2 Netztaschen FINPAC Wöchentliche Pillen-Organizer-Tasche Pillen-Organizer 4-mal täglich Denken Sie daran, Ihre Medikamente jeden Tag einzunehmen, ist schwierig und überwältigend. FINPAC Pill Organizer Case wird mit sieben Behältern geliefert, die in vier Abschnitte für Morgen, Mittag, Abend und Schlafenszeit unterteilt sind. Pille Organizer Kunstledertasche Alle Tablettenfächer können in einem kompakten Kunstlederetui mit abnehmbarem Riemen zum einfachen Tragen aufbewahrt werden und einige bestimmte Medikamente gut schützen. Produktinformation Größe der Kunstleder Tasche: 11,18 x 4,06 x 12,45 cm Tablettenbehältergröße: 10,67 x 3,30 x 1,78 cm Größe des abnehmbaren Griffs: 18,29 x 1,02 cm Kompakt/ Handlich/ Bunt/ Platzsparend EINFACHE SCHIEBE-ÖFFNUNG Seniorenfreundliches Design zum Aufschieben bietet bequemen Zugang für ältere Menschen. Es ist einfach, die Deckel abzunehmen, anstatt einen Deckel zu öffnen und versehentlich Ihre Pillen zu verschütten. Stilvolle und einzigartige Tasche Das handliche Tabletten-Organizer-Etui lässt sich leicht in Ihre Handtasche, Ihren Rucksack, Ihren Tagesrucksack für den täglichen Gebrauch oder auf Reisen schieben. Beutel mit speziellem Muster, der nur von FINPAC angeboten wird. Steckplatz für Visitenkarten Seniorenfreundliches Design Eine Namenskarte für einen Fund- oder Notfallort enthalten. Materialien in Lebensmittelqualität Hochwertiger Kunststoff in Lebensmittelqualität BPA-FREIE pp-Materialien bieten Sicherheit und Gesundheit für Ihren täglichen Gebrauch."
